pin,name,bank,type,ds_type,reset,pull,drive_mA,supply,group,note
1,PG6,PG,bidirectional,I/O,Z,PU/PD,4,VCC-PG,GPIOG,
2,PG7,PG,bidirectional,I/O,Z,PU/PD,4,VCC-PG,GPIOG,
3,PG8,PG,bidirectional,I/O,Z,PU/PD,4,VCC-PG,GPIOG,
4,PG9,PG,bidirectional,I/O,Z,PU/PD,4,VCC-PG,GPIOG,
5,PG10,PG,bidirectional,I/O,Z,PU/PD,4,VCC-PG,GPIOG,
6,PG11,PG,bidirectional,I/O,Z,PU/PD,4,VCC-PG,GPIOG,
7,PF0,PF,bidirectional,I/O,Z,PU/PD,4,VCC-IO,GPIOF,SDC0-D1
8,PF1,PF,bidirectional,I/O,Z,PU/PD,4,VCC-IO,GPIOF,SDC0-D0
9,PF2,PF,bidirectional,I/O,Z,PU/PD,4,VCC-IO,GPIOF,SDC0-CLK
10,PF3,PF,bidirectional,I/O,Z,PU/PD,4,VCC-IO,GPIOF,SDC0-CMD
11,PF4,PF,bidirectional,I/O,Z,PU/PD,4,VCC-IO,GPIOF,SDC0-D3
12,PF5,PF,bidirectional,I/O,Z,PU/PD,4,VCC-IO,GPIOF,SDC0-D2
13,PF6,PF,bidirectional,I/O,Z,PU/PD,4,VCC-IO,GPIOF,
14,PC7,PC,bidirectional,I/O,Z,PU/PD,4,VCC-IO,GPIOC,SPI0-HOLD
15,PC6,PC,bidirectional,I/O,Z,PU/PD,4,VCC-IO,GPIOC,SPI0-WP
16,PC5,PC,bidirectional,I/O,PU,PU/PD,4,VCC-IO,GPIOC,SPI0-MISO
17,PC4,PC,bidirectional,I/O,PU,PU/PD,4,VCC-IO,GPIOC,SPI0-MOSI
18,PC3,PC,bidirectional,I/O,PU,PU/PD,4,VCC-IO,GPIOC,SPI0-CS0
19,PC2,PC,bidirectional,I/O,Z,PU/PD,4,VCC-IO,GPIOC,SPI0-CLK
20,VCC-PLL,PWR,power_in,P,NA,NA,NA,NA,RTC & PLL,1.8V
21,REFCLK-OUT,SYS,output,AO,NA,NA,NA,VCC-PLL,DCXO,
22,DXOUT,SYS,output,AO,NA,NA,NA,VCC-PLL,DCXO,24MHz 晶振
23,DXIN,SYS,input,AI,NA,NA,NA,VCC-PLL,DCXO,24MHz 晶振
24,X32KOUT,SYS,output,AO,NA,NA,NA,VCC-RTC,RTC & PLL,32.768kHz 晶振
25,X32KIN,SYS,input,AI,NA,NA,NA,VCC-RTC,RTC & PLL,32.768kHz 晶振
26,VCC-RTC,PWR,power_in,P,NA,NA,NA,NA,RTC & PLL,1.8V
27,RESET,SYS,input,"I, OD",NA,NA,NA,VCC-RTC,System,低有效
28,LDOA-OUT,PWR,power_out,P,NA,NA,NA,NA,Power,內建 LDOA 輸出 1.8V @260mA
29,LDO-IN,PWR,power_in,P,NA,NA,NA,NA,Power,內建 LDO 輸入 3.3V
30,LDOB-OUT,PWR,power_out,P,NA,NA,NA,NA,Power,內建 LDOB 輸出 1.35V 預設 @400mA
31,PE13,PE,bidirectional,I/O,Z,PU/PD,4,VCC-PE,GPIOE,
32,PE12,PE,bidirectional,I/O,Z,PU/PD,4,VCC-PE,GPIOE,
33,PE3,PE,bidirectional,I/O,Z,PU/PD,4,VCC-PE,GPIOE,RMII-TXCK
34,VCC-PE,PWR,power_in,P,NA,NA,NA,NA,GPIOE,1.8/2.8/3.3V 可選 → 本板 3.3V
35,PE2,PE,bidirectional,I/O,Z,PU/PD,4,VCC-PE,GPIOE,RMII-RXD1
36,PE11,PE,bidirectional,I/O,Z,PU/PD,4,VCC-PE,GPIOE,
37,PE10,PE,bidirectional,I/O,Z,PU/PD,4,VCC-PE,GPIOE,EPHY-25M
38,PE9,PE,bidirectional,I/O,Z,PU/PD,4,VCC-PE,GPIOE,MDIO
39,PE8,PE,bidirectional,I/O,Z,PU/PD,4,VCC-PE,GPIOE,MDC
40,PE7,PE,bidirectional,I/O,Z,PU/PD,4,VCC-PE,GPIOE,RMII-RXER
41,PE6,PE,bidirectional,I/O,Z,PU/PD,4,VCC-PE,GPIOE,RMII-TXEN
42,PE5,PE,bidirectional,I/O,Z,PU/PD,4,VCC-PE,GPIOE,RMII-TXD1
43,PE4,PE,bidirectional,I/O,Z,PU/PD,4,VCC-PE,GPIOE,RMII-TXD0
44,PE0,PE,bidirectional,I/O,Z,PU/PD,4,VCC-PE,GPIOE,RMII-CRS-DV
45,PE1,PE,bidirectional,I/O,Z,PU/PD,4,VCC-PE,GPIOE,RMII-RXD0
46,VDD-SYS0,PWR,power_in,P,NA,NA,NA,NA,Power,0.9V
47,DZQ,DDR,passive,AI,NA,NA,NA,NA,SDRAM,DDR ZQ 校準
48,VCC-DRAM0,DDR,power_in,P,NA,NA,NA,NA,SDRAM,1.5V
49,VCC-DRAM1,DDR,power_in,P,NA,NA,NA,NA,SDRAM,1.5V
50,VDD18-DRAM,DDR,power_in,P,NA,NA,NA,NA,SDRAM,1.8V
51,VDD-SYS1,PWR,power_in,P,NA,NA,NA,NA,Power,0.9V
52,PD22,PD,bidirectional,I/O,Z,PU/PD,4,VCC-PD,GPIOD,
53,PD21,PD,bidirectional,I/O,Z,PU/PD,4,VCC-PD,GPIOD,LCD0-VSYNC
54,PD20,PD,bidirectional,I/O,Z,PU/PD,4,VCC-PD,GPIOD,LCD0-HSYNC
55,PD0,PD,bidirectional,I/O,Z,PU/PD,4,VCC-PD,GPIOD,LCD0-D2 / DSI-D0P
56,PD1,PD,bidirectional,I/O,Z,PU/PD,4,VCC-PD,GPIOD,LCD0-D3 / DSI-D0N
57,PD2,PD,bidirectional,I/O,Z,PU/PD,4,VCC-PD,GPIOD,LCD0-D4 / DSI-D1P
58,PD3,PD,bidirectional,I/O,Z,PU/PD,4,VCC-PD,GPIOD,LCD0-D5 / DSI-D1N
59,PD4,PD,bidirectional,I/O,Z,PU/PD,4,VCC-PD,GPIOD,LCD0-D6 / DSI-CKP
60,PD5,PD,bidirectional,I/O,Z,PU/PD,4,VCC-PD,GPIOD,LCD0-D7 / DSI-CKN
61,PD6,PD,bidirectional,I/O,Z,PU/PD,4,VCC-PD,GPIOD,LCD0-D10 / DSI-D2P
62,PD7,PD,bidirectional,I/O,Z,PU/PD,4,VCC-PD,GPIOD,LCD0-D11 / DSI-D2N
63,PD8,PD,bidirectional,I/O,Z,PU/PD,4,VCC-PD,GPIOD,LCD0-D12 / DSI-D3P
64,PD9,PD,bidirectional,I/O,Z,PU/PD,4,VCC-PD,GPIOD,LCD0-D13 / DSI-D3N
65,VCC-LVDS,PWR,power_in,P,NA,NA,NA,NA,GPIOD,1.8V — 推定為 MIPI D-PHY 電源
66,VCC-PD,PWR,power_in,P,NA,NA,NA,NA,GPIOD,1.8/3.3V 可選 → 本板 3.3V
67,PD10,PD,bidirectional,I/O,Z,PU/PD,4,VCC-PD,GPIOD,LCD0-D14 / SPI1-CS
68,PD11,PD,bidirectional,I/O,Z,PU/PD,4,VCC-PD,GPIOD,LCD0-D15 / SPI1-CLK
69,PD13,PD,bidirectional,I/O,Z,PU/PD,4,VCC-PD,GPIOD,★ 非連號:69=PD13
70,PD12,PD,bidirectional,I/O,Z,PU/PD,4,VCC-PD,GPIOD,★ 非連號:70=PD12
71,PD14,PD,bidirectional,I/O,Z,PU/PD,4,VCC-PD,GPIOD,LCD0-D20
72,PD15,PD,bidirectional,I/O,Z,PU/PD,4,VCC-PD,GPIOD,LCD0-D21
73,PD16,PD,bidirectional,I/O,Z,PU/PD,4,VCC-PD,GPIOD,LCD0-D22
74,PD17,PD,bidirectional,I/O,Z,PU/PD,4,VCC-PD,GPIOD,LCD0-D23
75,PD18,PD,bidirectional,I/O,Z,PU/PD,4,VCC-PD,GPIOD,LCD0-CLK
76,PD19,PD,bidirectional,I/O,Z,PU/PD,4,VCC-PD,GPIOD,LCD0-DE
77,VCC-TVOUT,PWR,power_in,P,NA,NA,NA,NA,CVBS OUT,3.3V
78,TVOUT0,AV,output,AO,NA,NA,NA,VCC-TVOUT,CVBS OUT,CVBS 輸出
79,PB7,PB,bidirectional,I/O,Z,PU/PD,4,VCC-IO,GPIOB,
80,PB6,PB,bidirectional,I/O,Z,PU/PD,4,VCC-IO,GPIOB,
81,VDD-SYS2,PWR,power_in,P,NA,NA,NA,NA,Power,0.9V
82,PB5,PB,bidirectional,I/O,Z,PU/PD,4,VCC-IO,GPIOB,
83,VCC-IO,PWR,power_in,P,NA,NA,NA,NA,Power,3.3V — PB/PC/PF 共用
84,PB4,PB,bidirectional,I/O,Z,PU/PD,4,VCC-IO,GPIOB,
85,PB3,PB,bidirectional,I/O,Z,PU/PD,4,VCC-IO,GPIOB,
86,PB2,PB,bidirectional,I/O,Z,PU/PD,4,VCC-IO,GPIOB,
87,MICIN3P,AUD,input,AI,NA,NA,NA,AVCC,Audio Codec,類比
88,MICIN3N,AUD,input,AI,NA,NA,NA,AVCC,Audio Codec,類比
89,AVCC,PWR,power_in,P,NA,NA,NA,NA,Audio Codec,1.8V 類比
90,VRA2,PWR,power_out,AO,NA,NA,NA,AVCC,Audio Codec,內部參考電壓
91,AGND,PWR,power_in,G,NA,NA,NA,NA,Audio Codec,★ 128 腳裡唯一的地腳(類比地)
92,VRA1,PWR,power_out,AO,NA,NA,NA,AVCC,Audio Codec,內部參考電壓
93,FMINR,AUD,input,AI,NA,NA,NA,AVCC,Audio Codec,類比
94,FMINL,AUD,input,AI,NA,NA,NA,AVCC,Audio Codec,類比
95,LINEINR,AUD,input,AI,NA,NA,NA,AVCC,Audio Codec,類比
96,LINEINL,AUD,input,AI,NA,NA,NA,AVCC,Audio Codec,類比
97,HPVCC,PWR,power_in,P,NA,NA,NA,NA,Audio Codec,1.8V 耳機
98,HPOUTR,AUD,output,AO,NA,NA,NA,HPVCC,Audio Codec,類比
99,HPOUTL,AUD,output,AO,NA,NA,NA,HPVCC,Audio Codec,類比
100,HPOUTFB,AUD,input,AI,NA,NA,NA,HPVCC,Audio Codec,耳機偽差動接地參考
101,GPADC0,AV,input,AI,NA,NA,NA,AVCC,GPADC,
102,TP-X1,AV,passive,AI,NA,NA,NA,AVCC,TPADC,電阻式觸控
103,TP-X2,AV,passive,AI,NA,NA,NA,AVCC,TPADC,電阻式觸控
104,TP-Y1,AV,passive,AI,NA,NA,NA,AVCC,TPADC,電阻式觸控
105,TP-Y2,AV,passive,AI,NA,NA,NA,AVCC,TPADC,電阻式觸控
106,NC0,SYS,no_connect,NA,NA,NA,NA,NA,NC,
107,VCC-TVIN,PWR,power_in,P,NA,NA,NA,NA,CVBS IN,1.8V
108,TVIN0,AV,input,AI,NA,NA,NA,VCC-TVIN,CVBS IN,CVBS 輸入
109,TVIN1,AV,input,AI,NA,NA,NA,VCC-TVIN,CVBS IN,CVBS 輸入
110,TVIN-VRP,AV,passive,P,NA,NA,NA,VCC-TVIN,CVBS IN,
111,TVIN-VRN,AV,passive,P,NA,NA,NA,VCC-TVIN,CVBS IN,
112,USB1-DP,USB,bidirectional,A I/O,NA,NA,NA,VCC-IO,USB,★ USB1 是 DP 在前
113,USB1-DM,USB,bidirectional,A I/O,NA,NA,NA,VCC-IO,USB,★ USB1 是 DM 在後
114,USB0-DM,USB,bidirectional,A I/O,NA,NA,NA,VCC-IO,USB,★ USB0 是 DM 在前 — 與 USB1 相反
115,USB0-DP,USB,bidirectional,A I/O,NA,NA,NA,VCC-IO,USB,★ USB0 是 DP 在後 — 與 USB1 相反
116,VDD-CORE0,PWR,power_in,P,NA,NA,NA,NA,Power,0.9V
117,VDD-CORE1,PWR,power_in,P,NA,NA,NA,NA,Power,0.9V
118,PG1,PG,bidirectional,I/O,Z,PU/PD,4,VCC-PG,GPIOG,★ 非連號
119,PG2,PG,bidirectional,I/O,Z,PU/PD,4,VCC-PG,GPIOG,★ 非連號
120,PG0,PG,bidirectional,I/O,Z,PU/PD,4,VCC-PG,GPIOG,★ 非連號:120=PG0
121,PG3,PG,bidirectional,I/O,Z,PU/PD,4,VCC-PG,GPIOG,
122,PG5,PG,bidirectional,I/O,Z,PU/PD,4,VCC-PG,GPIOG,★ 非連號:122=PG5
123,PG4,PG,bidirectional,I/O,Z,PU/PD,4,VCC-PG,GPIOG,★ 非連號:123=PG4
124,PG12,PG,bidirectional,I/O,Z,PU/PD,4,VCC-PG,GPIOG,
125,PG13,PG,bidirectional,I/O,Z,PU/PD,4,VCC-PG,GPIOG,
126,PG14,PG,bidirectional,I/O,Z,PU/PD,4,VCC-PG,GPIOG,
127,PG15,PG,bidirectional,I/O,Z,PU/PD,4,VCC-PG,GPIOG,
128,VCC-PG,PWR,power_in,P,NA,NA,NA,NA,GPIOG,1.8/3.3V 可選 → 本板 3.3V
129,EPAD,PWR,power_in,,,,,,,★ 這顆晶片唯一的數位地 — 必焊
